{
    "g_losses": [
        4.897861774931562,
        6.866743691424106,
        7.760856844009237,
        8.447563049641062,
        8.949673462421336,
        9.633534522766762,
        10.332685115489554,
        10.486818039670904,
        10.194840360195078,
        10.084730726607303,
        10.411956736382018,
        11.006894233378958,
        11.868162774025127,
        12.033451765141589,
        11.880087649568598,
        12.211747433276887,
        12.427212608621476,
        12.458915928576856,
        12.166175035720176,
        12.249519332926324,
        11.833275135527266,
        12.181343038031395,
        12.67173995870225,
        13.333177160709463,
        13.206851872992008,
        12.728435085174885,
        12.909280690741031,
        13.31353095237245,
        13.40291852139412,
        13.402737906638611,
        13.85224905419857,
        13.914963823683719,
        14.532439652909623,
        15.053121206608225,
        14.576286356499855,
        14.204833010409741,
        14.584570118721496,
        14.993573868528326,
        14.496066971028105,
        14.907015901930789,
        15.312006788050875,
        15.367881896648,
        15.486615875934033,
        15.60595310495255,
        15.976327094625919,
        16.03997033707639,
        16.387854226092074,
        16.708580280872102,
        16.609488527825537,
        16.935553601447573
    ],
    "d_losses": [
        0.24806025653502883,
        0.011859076838207213,
        0.00564860399382714,
        0.001985396417675223,
        0.0014239721400527026,
        0.0005523108574128314,
        0.00027578565668397674,
        0.000213238313219645,
        0.0003366975396737813,
        0.0004902170461564116,
        0.0005800949136059028,
        0.0002510391790217019,
        8.942647734348862e-05,
        6.0913859360493435e-05,
        5.7812493621972956e-05,
        4.2957754992149855e-05,
        3.324457932339623e-05,
        3.079220122093288e-05,
        3.713668329123237e-05,
        3.697890346341003e-05,
        5.8143924492314715e-05,
        5.209782866973484e-05,
        2.9928323004803154e-05,
        1.749276877267511e-05,
        1.6798215335953462e-05,
        2.3191640371186757e-05,
        2.2122787227283665e-05,
        1.602239826703961e-05,
        1.4107867083653896e-05,
        1.4582437635928068e-05,
        1.0999622924992629e-05,
        9.641149751268072e-06,
        7.50433406679765e-06,
        5.854129485814678e-06,
        6.677547045010795e-06,
        1.0758168093374517e-05,
        8.929822099810523e-06,
        6.102305223250485e-06,
        9.914051035854967e-06,
        5.713060040592454e-06,
        3.942523524630544e-06,
        4.218186848174326e-06,
        2.3814913289059287e-06,
        1.7161266167752903e-06,
        1.3646110447586792e-06,
        1.2063761823447807e-06,
        8.214204420199921e-07,
        5.90730423027103e-07,
        7.35064218439012e-07,
        6.648272083964457e-07
    ],
    "test": {
        "avg_mse": 18291.4296875,
        "avg_psnr": 5.906710521466443,
        "avg_ssim": 8.122433064272627e-05
    }
}