{
    "g_losses": [
        8.298797377136978,
        10.181961161241349,
        48.42817242059118,
        70.52303524058003,
        72.83489930045121,
        74.23701550253926,
        74.4347827805639,
        73.77243434035702,
        73.26765638729657,
        72.93824371142682,
        72.55661508523579,
        72.11322089807311,
        71.62166130212324,
        71.01536332315473,
        70.41138973927447,
        69.79602291538264,
        68.79740071245857,
        68.05566902404655,
        67.15882187052323,
        66.38138680366565,
        65.6191432359122,
        64.89139932660915,
        64.2129802175168,
        63.75686573118035,
        63.37827410830109,
        63.07024172069167,
        62.67149033373607,
        62.48375772667338,
        62.25246187872978,
        61.96865985439276,
        61.92259575004008,
        61.753760892953444,
        61.72161920543419,
        61.45198359214929,
        61.36490304942833,
        61.31725972547714,
        61.204232352120535,
        61.154030098335575,
        61.06035138193224,
        60.957305908203125,
        60.84090549656069,
        60.63138370473248,
        60.55215999058315,
        60.46894408594062,
        60.30669983821129,
        60.16386799924155,
        60.104834550479325,
        59.992365806595856,
        59.89169661271801,
        59.79147285184881
    ],
    "d_losses": [
        0.02731862295255649,
        0.0004773590489596462,
        0.8169636697216902,
        2.3782644747718523e-06,
        9.002514269180977e-07,
        7.589296739178223e-07,
        9.96355008220965e-07,
        7.134662794917711e-07,
        4.367614039939983e-07,
        5.776960339480271e-07,
        3.128160840745795e-07,
        1.9269182425319968e-07,
        1.6104651811268865e-07,
        1.1384528137924152e-07,
        1.0759053776872872e-07,
        1.4127124186508152e-07,
        5.1190511478152e-08,
        6.752083884664852e-08,
        5.277261538398434e-08,
        5.5157904952311254e-08,
        2.3476595037567465e-08,
        3.449884371447702e-08,
        1.558058837077177e-08,
        1.4333625637748823e-08,
        9.619131571350653e-09,
        8.753338236672443e-09,
        1.0870368273857866e-08,
        9.126789494278799e-09,
        6.433927561797752e-09,
        4.2032213767555e-09,
        3.296377416018589e-09,
        2.863484189927407e-09,
        2.2876042903584162e-09,
        1.9579672373466616e-09,
        1.2828042793377118e-09,
        1.2669189365343672e-09,
        8.062201170199478e-10,
        6.592735976225198e-10,
        6.010244631362512e-10,
        5.997007236809387e-10,
        3.7332349161619805e-10,
        3.653804500403503e-10,
        1.9460475796646372e-10,
        2.1843393910586668e-10,
        1.1914576238895464e-10,
        1.1120271743540625e-10,
        9.928814444788226e-11,
        7.148745581080856e-11,
        7.14874581708026e-11,
        3.177220268712789e-11
    ],
    "duration": [
        313.27538204193115,
        314.4679157733917,
        313.95025539398193,
        313.95803332328796,
        314.2240710258484,
        314.16506361961365,
        304.70135974884033,
        288.4964859485626,
        288.54005312919617,
        288.5615518093109,
        288.6180031299591,
        288.6544659137726,
        288.6863248348236,
        288.7235219478607,
        289.00650215148926,
        289.06215238571167,
        289.0835773944855,
        289.0861532688141,
        289.09328413009644,
        289.1068034172058,
        289.15112495422363,
        289.15051317214966,
        289.60030221939087,
        289.9910593032837,
        289.98782420158386,
        289.94399785995483,
        289.9351716041565,
        289.85384821891785,
        289.86636304855347,
        289.85467624664307,
        289.7990529537201,
        289.8243169784546,
        289.8639557361603,
        289.91187477111816,
        289.88801407814026,
        289.90834069252014,
        289.94882249832153,
        289.93692898750305,
        289.9780249595642,
        290.0259141921997,
        290.0054852962494,
        289.9826273918152,
        289.9273872375488,
        289.9298973083496,
        289.9012882709503,
        289.87369298934937,
        289.87296867370605,
        289.8671028614044,
        289.9131031036377,
        289.9548306465149
    ],
    "test": {
        "avg_mse": 18193.541015625,
        "avg_psnr": 5.950492932879475,
        "avg_ssim": -0.003263863269239664
    }
}