{
    "g_losses": [
        6.401082006875765,
        9.48557824980129,
        11.534576552835377,
        12.599202305078506,
        12.964806306091221,
        12.635882106694309,
        12.591211225498807,
        13.62728732147,
        13.964453297582539,
        14.198308474638246,
        15.126885699954899,
        15.712824183431538,
        16.57070692019029,
        16.804113759235904,
        17.287865439599212,
        17.958255794915285,
        18.49788094379685,
        18.930113697593864,
        19.382606858556922,
        19.562961039218035
    ],
    "d_losses": [
        0.1871159115591416,
        0.041944063905578914,
        0.0011789676348906203,
        0.0004371207310433854,
        0.00021714918344690142,
        0.00012581337023995977,
        8.166335250078563e-05,
        2.8322158309602617e-05,
        2.3118968957095117e-05,
        1.3246863206079434e-05,
        4.535372716496511e-06,
        2.805031757293428e-06,
        1.6059497461963124e-06,
        1.0334739422629917e-06,
        7.466106189730154e-07,
        4.10703957613092e-07,
        2.3009285923298267e-07,
        1.6105720370115675e-07,
        1.1034122243175853e-07,
        7.688316231258995e-08
    ],
    "duration": [
        507.8236906528473,
        507.1861526966095,
        507.6914498806,
        506.54177951812744,
        505.55009961128235,
        505.4064359664917,
        505.4981756210327,
        505.22327303886414,
        505.20163917541504,
        505.29092264175415,
        504.6030557155609,
        504.25006890296936,
        503.7942373752594,
        502.79610323905945,
        502.1342658996582,
        501.9730384349823,
        503.36049914360046,
        501.44195199012756,
        500.6679825782776,
        505.7679879665375
    ],
    "test": {
        "avg_mse": 18254.55859375,
        "avg_psnr": 5.939333251787589,
        "avg_ssim": 0.03348293527960777
    }
}