{
    "g_losses": [
        4.919164108469131,
        7.204287911983246,
        7.8692419300688075,
        8.428272399496525,
        9.46258070113811,
        9.627133694100888,
        9.963863885149042,
        10.37566177388455,
        10.497964473480874,
        10.826415406896713,
        10.611563687628887,
        11.229028240163275,
        11.379346558388244,
        11.875530263210864,
        12.17789495752213,
        12.049964575057334,
        12.425380544459566,
        12.49902112433251,
        12.618803653311222,
        13.034728669105693,
        12.635339777520363,
        12.533850193023682,
        13.082422185451426,
        13.382439136505127,
        13.45127664221094,
        13.543050750773004,
        14.131909578404528,
        14.259235503825735,
        14.301945554449203,
        14.25989728278302,
        13.846239181275063,
        14.441583592840965,
        14.702318982875093,
        14.822313476116099,
        14.757203923895004,
        14.680158818021734,
        15.167646910281892,
        14.5747039926813,
        14.451668161026975,
        14.468953152920337,
        14.873044206741008,
        15.118177621922595,
        15.514477547178878,
        15.829255494665592,
        16.201941058990805,
        16.39639527239698,
        16.527984106794317,
        16.387119146103554,
        16.645891630903204,
        16.878269104247398
    ],
    "d_losses": [
        0.2508304675278115,
        0.009327985070140517,
        0.005542145402014672,
        0.0017302334500585703,
        0.0007110688569268182,
        0.0005491467843270623,
        0.00041750085701425363,
        0.0002918303520771665,
        0.00023433067332355657,
        0.00018937809673321256,
        0.00031782914374297374,
        0.0001596968369143569,
        0.00013637125798692415,
        8.749280747925946e-05,
        5.561900488441523e-05,
        7.133311385374288e-05,
        5.1669593718310975e-05,
        4.8246034793919534e-05,
        4.0329942903747695e-05,
        2.494448954094162e-05,
        5.499470363402191e-05,
        6.564679192513025e-05,
        2.9478315383962484e-05,
        1.9276602461588406e-05,
        1.547446200878225e-05,
        1.2055069653778195e-05,
        6.856630624560375e-06,
        5.923403012304256e-06,
        6.144331499118825e-06,
        6.651359601232314e-06,
        9.451922952839014e-06,
        5.524712701770191e-06,
        4.1828980519109425e-06,
        4.3303977970191095e-06,
        4.034555077921257e-06,
        4.2205301942305324e-06,
        2.7792539796375924e-06,
        4.4138529292612995e-06,
        4.304787751757334e-06,
        4.0850133151504085e-06,
        3.599480403723414e-06,
        2.7396235982402514e-06,
        2.472536573781087e-06,
        1.976499023455406e-06,
        7.850905119013571e-07,
        6.612122822413399e-07,
        6.791881458380363e-07,
        8.020034095369389e-07,
        6.003360856375801e-07,
        4.849862843996638e-07
    ],
    "test": {
        "avg_mse": 18335.451171875,
        "avg_psnr": 5.895928988890319,
        "avg_ssim": 7.40270916139707e-05
    }
}