{
    "g_losses": [
        5.16557278531663,
        7.358804542967614,
        8.118110821602192,
        8.994135136299946,
        9.480123540188403,
        9.729799757612513,
        10.095709313737585,
        10.600931679948847,
        11.349119440038153,
        11.176069193697991,
        11.410524652359333,
        11.439210688814203,
        12.237857438148335,
        12.382700169340094,
        12.305740488336442,
        12.40839692379566,
        12.590479176095192,
        12.666075635463633,
        12.602286450406337,
        12.685498065136848,
        13.27444992674158,
        13.166024010232155,
        13.47876260128427,
        14.109627774421204,
        13.797755073993764,
        13.916733893942325,
        14.73798317097603,
        15.198758033995933,
        14.643638098493536,
        13.976920777178826,
        14.380709643059589,
        14.855932448772673,
        15.122791183755753,
        15.115017165528966,
        15.17915527364041,
        14.819542539880631,
        14.785833323255499,
        15.470887006597316,
        15.406535737057949,
        15.502334944745327,
        15.72873441716458,
        15.906347964672332,
        15.864339701672817,
        16.258623706533555,
        16.180375839801545,
        16.187546537277548,
        16.660055794614426,
        17.101571214959975,
        17.12817900231544,
        17.033435212804918
    ],
    "d_losses": [
        0.18241371921303265,
        0.006661497115311114,
        0.0033560874426063706,
        0.0012365142498078677,
        0.0006676329193145106,
        0.0006974509391163357,
        0.0004194008239558551,
        0.0002596748448574564,
        0.0001633704128409513,
        0.00023198303251968142,
        0.00021417419292389396,
        0.00020959391912719126,
        7.116770084007356e-05,
        5.509829762036617e-05,
        4.7936988886113854e-05,
        4.196096695987433e-05,
        3.5918306589047326e-05,
        3.1091131409374746e-05,
        3.1326074760843456e-05,
        3.3388263565281334e-05,
        1.7974917863710365e-05,
        1.9906131267410447e-05,
        1.4178254223515203e-05,
        9.409405334552387e-06,
        1.1225295012043213e-05,
        1.0745704145770008e-05,
        7.705344857901977e-06,
        5.901765562496021e-06,
        9.379990260979266e-06,
        1.3062642817706721e-05,
        8.076244363506859e-06,
        5.227437022066373e-06,
        3.523271966224321e-06,
        3.2218169908591856e-06,
        2.9836422307179165e-06,
        4.08338288927572e-06,
        4.833811929413369e-06,
        3.3010613213704387e-06,
        2.6011154149723262e-06,
        2.1249908712661636e-06,
        2.172712000820053e-06,
        1.968658419298934e-06,
        1.6690399368773333e-06,
        1.1926082640972245e-06,
        1.4957973129618099e-06,
        1.5761858729218419e-06,
        1.210406309083021e-06,
        1.0731539987621043e-06,
        6.634643320220424e-07,
        6.753046333193787e-07
    ],
    "test": {
        "avg_mse": 18225.8125,
        "avg_psnr": 5.922442494709341,
        "avg_ssim": 6.620406202273443e-05
    }
}